{"type":"pocketCards", "seatIndex": 0, "firstIndex": 0, "cards": [39,39], "animate": false}
{"type":"pocketCards", "seatIndex": 1, "firstIndex": 0, "cards": [40,40], "animate": false}
{"type":"pocketCards", "seatIndex": 2, "firstIndex": 0, "cards": [41,41], "animate": false}
{"type":"pocketCards", "seatIndex": 3, "firstIndex": 0, "cards": [42,42], "animate": false}
{"type":"pocketCards", "seatIndex": 4, "firstIndex": 0, "cards": [43,43], "animate": false}
{"type":"pocketCards", "seatIndex": 5, "firstIndex": 0, "cards": [44,44], "animate": false}
{"type":"pocketCards", "seatIndex": 6, "firstIndex": 0, "cards": [45,45], "animate": false}
{"type":"pocketCards", "seatIndex": 7, "firstIndex": 0, "cards": [46,46], "animate": false}
{"type":"pocketCards", "seatIndex": 8, "firstIndex": 0, "cards": [-1,-1], "animate": false}
{"type":"pocketCards", "seatIndex": 9, "firstIndex": 0, "cards": [-1,-1], "animate": false}
{"type":"communityCards", "firstIndex": 0, "cards": [47,48,49,50,51], "animate": false}
{"type":"stateComplete"}
