{"type":"dealerButton","seatIndex":"0","animate":false}
{"type":"stateComplete"}
{"type":"dealerButton","seatIndex":"1","animate":true}
{"type":"stateComplete"}
{"type":"dealerButton","seatIndex":"2","animate":true}
{"type":"stateComplete"}
{"type":"dealerButton","seatIndex":"3","animate":true}
{"type":"stateComplete"}
{"type":"dealerButton","seatIndex":"4","animate":true}
{"type":"stateComplete"}
{"type":"dealerButton","seatIndex":"5","animate":true}
{"type":"stateComplete"}
{"type":"dealerButton","seatIndex":"6","animate":true}
{"type":"stateComplete"}