{"type":"seatInfo", "seatIndex": 0, "name": "olle", "chips": 463, "active": true}
{"type":"seatInfo", "seatIndex": 6, "name": "pelle", "chips": 123, "active": true}
{"type":"dealerButton", "seatIndex": 6, "animate":false}
{"type":"pocketCards", "seatIndex": 0, "firstIndex": 0, "cards": [11]}
{"type":"pocketCards", "seatIndex": 6, "firstIndex": 0, "cards": [-1]}
{"type":"pocketCards", "seatIndex": 0, "firstIndex": 1, "cards": [13]}
{"type":"pocketCards", "seatIndex": 6, "firstIndex": 1, "cards": [-1]}
{"type":"communityCards", "firstIndex": 0, "cards": [13]}
{"type":"stateComplete"}
