{"type":"seatInfo", "seatIndex": 5, "name": "olle", "chips": 123, "active": true}
{"type":"stateComplete"}
{"type":"chat","user":"debug","text":"dealing cards"}
{"type":"pocketCards", "seatIndex": 5, "firstIndex": 0, "cards": [-1], "animate": true}
{"type":"pocketCards", "seatIndex": 5, "firstIndex": 1, "cards": [-1], "animate": true}
{"type":"delay", "delay": 2000}
{"type":"chat","user":"debug","text":"folding cards"}
{"type":"foldCards", "seatIndex": 5}
{"type":"delay", "delay": 2000}
{"type":"chat","user":"debug","text":"dealing cards again tztztzzt"}
{"type":"pocketCards", "seatIndex": 5, "firstIndex": 0, "cards": [4], "animate": true}
{"type":"pocketCards", "seatIndex": 5, "firstIndex": 1, "cards": [5], "animate": true}
