{"type":"seatInfo", "seatIndex": 0, "name": "olle", "chips": 123, "active": true}
{"type":"seatInfo", "seatIndex": 1, "name": "pelle", "chips": 123, "active": true}
{"type":"seatInfo", "seatIndex": 2, "name": "long name", "chips": 123, "active": true}
{"type":"seatInfo", "seatIndex": 3, "name": "sitout", "chips": 456, "active": true, "sitout": true}
{"type":"seatInfo", "seatIndex": 4, "name": "inactive", "chips": 456, "active": false}
{"type":"communityCards", "firstIndex": 0, "cards": [-1,-1,10,11,13]}
{"type":"pocketCards", "seatIndex": 0, "firstIndex": 0, "cards": [11,13]}
{"type":"pocketCards", "seatIndex": 2, "firstIndex": 0, "cards": [11,13]}
{"type":"pocketCards", "seatIndex": 5, "firstIndex": 0, "cards": [11,13]}
{"type":"pocketCards", "seatIndex": 6, "firstIndex": 0, "cards": [-1,-1]}
{"type":"stateComplete"}
{"type":"delay", "delay": 2000}
{"type":"stateComplete"}
{"type":"foldCards", "seatIndex": 2}
{"type":"stateComplete"}
{"type":"buttons", "buttons":[{"button":"fold","value":0},{"button":"call","value":10},{"button":"raise","value":20}]}
{"type":"stateComplete"}
