{"type":"seatInfo", "seatIndex": 0, "name": "olle", "chips": 463, "active": true}
{"type":"seatInfo", "seatIndex": 1, "name": "olle", "chips": 463, "active": true}
{"type":"seatInfo", "seatIndex": 2, "name": "olle", "chips": 463, "active": true}
{"type":"seatInfo", "seatIndex": 3, "name": "olle", "chips": 463, "active": true}
{"type":"seatInfo", "seatIndex": 4, "name": "olle", "chips": 463, "active": true}
{"type":"seatInfo", "seatIndex": 5, "name": "olle", "chips": 463, "active": true}
{"type":"seatInfo", "seatIndex": 6, "name": "olle", "chips": 463, "active": true}
{"type":"seatInfo", "seatIndex": 7, "name": "olle", "chips": 463, "active": true}
{"type":"seatInfo", "seatIndex": 8, "name": "olle", "chips": 463, "active": true}
{"type":"seatInfo", "seatIndex": 9, "name": "olle", "chips": 463, "active": true}
{"type":"pocketCards", "seatIndex": 0, "firstIndex": 0, "cards": [1,2], "animate": false}
{"type":"pocketCards", "seatIndex": 1, "firstIndex": 0, "cards": [2,3], "animate": false}
{"type":"pocketCards", "seatIndex": 2, "firstIndex": 0, "cards": [3,4], "animate": false}
{"type":"pocketCards", "seatIndex": 3, "firstIndex": 0, "cards": [4,5], "animate": false}
{"type":"pocketCards", "seatIndex": 4, "firstIndex": 0, "cards": [5,6], "animate": false}
{"type":"pocketCards", "seatIndex": 5, "firstIndex": 0, "cards": [6,7], "animate": false}
{"type":"pocketCards", "seatIndex": 6, "firstIndex": 0, "cards": [7,8], "animate": false}
{"type":"pocketCards", "seatIndex": 7, "firstIndex": 0, "cards": [8,9], "animate": false}
{"type":"pocketCards", "seatIndex": 8, "firstIndex": 0, "cards": [9,10], "animate": false}
{"type":"pocketCards", "seatIndex": 9, "firstIndex": 0, "cards": [10,11], "animate": false}
{"type":"communityCards", "firstIndex": 0, "cards": [20,21,22,23,24], "animate": false}
{"type":"bet", "seatIndex": 0, "value": 123}
{"type":"bet", "seatIndex": 1, "value": 123}
{"type":"bet", "seatIndex": 2, "value": 123}
{"type":"bet", "seatIndex": 3, "value": 123}
{"type":"bet", "seatIndex": 4, "value": 123}
{"type":"bet", "seatIndex": 5, "value": 123}
{"type":"bet", "seatIndex": 6, "value": 123}
{"type":"bet", "seatIndex": 7, "value": 123}
{"type":"bet", "seatIndex": 8, "value": 123}
{"type":"bet", "seatIndex": 9, "value": 123}
{"type":"pot", "values": [1000,53,1234]}
{"type":"dealerButton","seatIndex":"0","animate":false}
{"type":"interfaceState", "visibleButtons": ["sitoutNext","autoPostBlinds"]}
{"type":"buttons", "buttons":[{"button":"leave","value":0},{"button":"postBB","value":10}]}
{"type":"stateComplete"}
