{"buttons":[null,null,null,null,null,null,null],"current":null,"type":"presetButtons"}
{"visibleButtons":[],"type":"interfaceState"}
{"seatIndex":0,"name":"","chips":"","sitout":false,"active":false,"type":"seatInfo"}
{"seatIndex":1,"name":"","chips":"","sitout":false,"active":false,"type":"seatInfo"}
{"seatIndex":2,"name":"","chips":"","sitout":false,"active":false,"type":"seatInfo"}
{"seatIndex":3,"name":"","chips":"","sitout":false,"active":false,"type":"seatInfo"}
{"seatIndex":4,"name":"kalle","chips":999,"sitout":false,"active":true,"type":"seatInfo"}
{"seatIndex":5,"name":"","chips":"","sitout":false,"active":false,"type":"seatInfo"}
{"seatIndex":6,"name":"","chips":"","sitout":false,"active":false,"type":"seatInfo"}
{"seatIndex":7,"name":"","chips":"","sitout":false,"active":false,"type":"seatInfo"}
{"seatIndex":8,"name":"lisa","chips":999,"sitout":false,"active":true,"type":"seatInfo"}
{"seatIndex":9,"name":"","chips":"","sitout":false,"active":false,"type":"seatInfo"}
{"seatIndex":4,"type":"dealerButton"}
{"text":"Tournament: #666\nCurrent Hand: #988\n","type":"handInfo"}
{"seatIndex":4,"totalTime":30,"timeLeft":7,"type":"timer"}
{"seatIndex":8,"value":0,"type":"bet"}
{"seatIndex":4,"value":0,"type":"bet"}
{"animate":false,"firstIndex":0,"cards":[-1,-1],"seatIndex":4,"type":"pocketCards"}
{"values":[2],"type":"pot"}
{"animate":false,"firstIndex":0,"cards":[],"type":"communityCards"}
{"currentIndex":0,"playerIndex":-1,"enabled":[true,true],"infoLink":"","type":"tableButtons"}
{"type":"stateComplete"}
{"text":"","showJoinButton":false,"showLeaveButton":false,"infoLink":null,"infoLinkText":null,"type":"tableInfo"}
{"type":"stateComplete"}
{"delay":1000,"type":"delay"}

{"visible":false,"direction":"left","type":"fadeTable"}

//{"visible":true,"direction":"left","type":"fadeTable"}
//{"visible":false,"direction":"left","type":"fadeTable"}
//{"visible":true,"direction":"left","type":"fadeTable"}
//{"visible":false,"direction":"left","type":"fadeTable"}
//{"visible":true,"direction":"left","type":"fadeTable"}
//{"visible":false,"direction":"left","type":"fadeTable"}
//{"visible":true,"direction":"left","type":"fadeTable"}

//{"visible":false,"direction":"left","type":"fadeTable"}

{"seatIndex":0,"name":"","chips":"","sitout":false,"active":false,"type":"seatInfo"}
{"seatIndex":1,"name":"","chips":"","sitout":false,"active":false,"type":"seatInfo"}
{"seatIndex":2,"name":"","chips":"","sitout":false,"active":false,"type":"seatInfo"}
{"seatIndex":3,"name":"","chips":"","sitout":false,"active":false,"type":"seatInfo"}
{"seatIndex":4,"name":"pelle","chips":999,"sitout":false,"active":true,"type":"seatInfo"}
{"seatIndex":5,"name":"","chips":"","sitout":false,"active":false,"type":"seatInfo"}
{"seatIndex":6,"name":"","chips":"","sitout":false,"active":false,"type":"seatInfo"}
{"seatIndex":7,"name":"","chips":"","sitout":false,"active":false,"type":"seatInfo"}
{"seatIndex":8,"name":"olle","chips":999,"sitout":false,"active":true,"type":"seatInfo"}
{"seatIndex":9,"name":"","chips":"","sitout":false,"active":false,"type":"seatInfo"}
{"seatIndex":4,"type":"dealerButton"}
{"text":"Tournament: #666\nCurrent Hand: #988\n","type":"handInfo"}
{"seatIndex":4,"totalTime":30,"timeLeft":2,"type":"timer"}
{"seatIndex":8,"value":0,"type":"bet"}
{"seatIndex":4,"value":0,"type":"bet"}
{"animate":false,"firstIndex":0,"cards":[-1,-1],"seatIndex":4,"type":"pocketCards"}
{"values":[4,5],"type":"pot"}
{"animate":false,"firstIndex":0,"cards":[],"type":"communityCards"}
{"currentIndex":1,"playerIndex":-1,"enabled":[true,true],"infoLink":"","type":"tableButtons"}
{"type":"stateComplete"}

{"visible":true,"direction":"left","type":"fadeTable"}

//{"seatIndex":-1,"totalTime":-1,"timeLeft":-1,"type":"timer"}
//{"seatIndex":4,"action":"muck","type":"action"}
//{"seatIndex":4,"type":"foldCards"}
//{"text":"pelle wins pot: 2.","user":"Dealer","type":"chat"}
//{"delay":1000,"type":"delay"}
//{"values":[],"type":"pot"}
//{"values":[0,0,0,0,2,0,0,0,0,0],"type":"payOut"}
//{"seatIndex":4,"name":"pelle","chips":1001,"sitout":false,"active":true,"type":"seatInfo"}
//{"components":["bets","pot","cards"],"type":"clear"}
//{"seatIndex":8,"animate":true,"type":"dealerButton"}
//{"text":"Tournament: #666\nCurrent Hand: #988\nPrevious Hand: #988\n","type":"handInfo"}
//{"seatIndex":4,"name":"pelle","chips":1000,"sitout":false,"active":true,"type":"seatInfo"}
//{"seatIndex":4,"value":1,"type":"bet"}
//{"seatIndex":8,"name":"olle","chips":997,"sitout":false,"active":true,"type":"seatInfo"}
//{"seatIndex":8,"value":2,"type":"bet"}
//{"animate":true,"firstIndex":0,"cards":[-1],"seatIndex":4,"type":"pocketCards"}
//{"animate":true,"firstIndex":0,"cards":[-1],"seatIndex":8,"type":"pocketCards"}
//{"animate":true,"firstIndex":1,"cards":[-1],"seatIndex":4,"type":"pocketCards"}
//{"animate":true,"firstIndex":1,"cards":[-1],"seatIndex":8,"type":"pocketCards"}
{"seatIndex":4,"totalTime":30,"timeLeft":30,"type":"timer"}