{"type":"tournamentResult","text":"1. olle\n2. pelle\n3. lisa\n1. olle\n2. pelle\n3. lisa","rightColumnText":"100 bits\n50 bits\n20 bits"}
{"type":"seatInfo", "seatIndex":0, "active":false}
{"type":"seatInfo", "seatIndex":1, "active":false}
{"type":"seatInfo", "seatIndex":2, "active":false}
{"type":"seatInfo", "seatIndex":3, "active":false}
{"type":"seatInfo", "seatIndex":4, "active":false}
{"type":"seatInfo", "seatIndex":5, "active":false}
{"type":"seatInfo", "seatIndex":6, "active":false}
{"type":"seatInfo", "seatIndex":7, "active":false}
{"type":"seatInfo", "seatIndex":8, "active":false}
{"type":"seatInfo", "seatIndex":9, "active":false}
{"type":"stateComplete"}
